47.90.143.19:11434,47.90.143.19
74.208.63.193,74.208.63.193
172.87.217.58:11434,172.87.217.58
172.87.217.37:11434,172.87.217.37
43.239.162.104:11434,43.239.162.104
172.87.217.131:11434,172.87.217.131
43.239.162.91:11434,43.239.162.91
172.87.217.22:11434,172.87.217.22
154.84.61.250:11434,154.84.61.250
172.87.217.13:11434,172.87.217.13
172.87.217.130:11434,172.87.217.130
35.222.118.55,35.222.118.55
34.170.172.86,34.170.172.86
98.189.145.134,98.189.145.134
34.148.83.19,34.148.83.19
72.146.53.17,72.146.53.17
52.8.190.237,52.8.190.237
34.46.17.16,34.46.17.16
43.239.162.117:11434,43.239.162.117
20.159.221.239:8081,20.159.221.239
45.41.94.14:11434,45.41.94.14
173.75.37.250:11434,173.75.37.250
192.159.195.26:6000,192.159.195.26
169.236.176.166:8002,169.236.176.166
34.135.140.160:8081,34.135.140.160
